zone,model,MAE,RMSE
102,LinearRegression,3.227902481287334,5.094794641351233
102,Ridge,3.227922707824896,5.094758521463835
104,LinearRegression,0.9990266405876698,1.8489513289136423
104,Ridge,0.9989655224213522,1.8489434148360346
105,LinearRegression,3.9759639372334807,5.379111349735739
105,Ridge,3.975836727830751,5.378994786414308
106,LinearRegression,4.483879867343399,6.834729522411811
106,Ridge,4.483647606310702,6.834702791586327
107,LinearRegression,4.894399538578106,7.6835508744205665
107,Ridge,4.893660722558045,7.68280356340256
108,LinearRegression,4.211763373601106,6.624418049592231
108,Ridge,4.209913080073574,6.6229995032342375
109,LinearRegression,2.142859333260248,3.558561390509155
109,Ridge,2.1424929908872885,3.5583680213704767
110,LinearRegression,4.953975845651954,6.5951498928539225
110,Ridge,4.953964047429778,6.595161638473684
111,LinearRegression,2.743055781239558,3.888148330745975
111,Ridge,2.742974358187614,3.8881103451859875
115,LinearRegression,2.0589184069079383,3.0850395989288293
115,Ridge,2.05887525458785,3.085042724291178
119,LinearRegression,2.35028890992968,3.9519096049867684
119,Ridge,2.3499914270763544,3.9517220938498046
121,LinearRegression,0.10853812653190135,0.19335993626385028
121,Ridge,0.10852082500761072,0.19333396105566833
123,LinearRegression,0.8890640840453987,1.5601429622045258
123,Ridge,0.8888049036830729,1.5599696803087613
124,LinearRegression,4.729899713944968,6.30381157234783
124,Ridge,4.729718852521284,6.304077335083623
202,LinearRegression,4.145334108931966,5.640987508399089
202,Ridge,4.145229952070467,5.6409358463550525
203,LinearRegression,1.235687255345312,2.1959896159409995
203,Ridge,1.235653135950796,2.1959768143504186
204,LinearRegression,3.89177747641546,5.387455587361756
204,Ridge,3.8912311007719866,5.386992362777332
205,LinearRegression,1.1815479265886994,2.0209331870457885
205,Ridge,1.1809624471394422,2.020640401644728
206,LinearRegression,14.34504250186701,21.814983164888798
206,Ridge,14.343142769766635,21.81676873928339
208,LinearRegression,2.829932367901582,4.15077459096535
208,Ridge,2.8298242891902374,4.150768133739511
211,LinearRegression,0.9087242959543965,1.8093804003304987
211,Ridge,0.9087405428086365,1.8093757439470513
212,LinearRegression,1.7239682993252097,2.8665147239857056
212,Ridge,1.7239709206153195,2.866543381308389
213,LinearRegression,4.285336830366934,5.943974330155846
213,Ridge,4.285293631652194,5.943923075205009
214,LinearRegression,0.42688905742968675,0.8277030036459168
214,Ridge,0.42684799587493844,0.827663752719527
215,LinearRegression,5.4682252086562535,8.118647185506852
215,Ridge,5.467530133044707,8.118809200763653
216,LinearRegression,1.9228743633904382,2.977984952219702
216,Ridge,1.9221932926074714,2.977414035831457
217,LinearRegression,17.053039154485152,22.96767141371899
217,Ridge,17.046206903142103,22.964681189848207
223,LinearRegression,27.70817347695965,39.70142761747763
223,Ridge,27.707784976470673,39.70141641896776
224,LinearRegression,6.159200432300931,8.58751462129645
224,Ridge,6.157439948690058,8.586064734985795
225,LinearRegression,0.6375160654900742,1.2453558335267065
225,Ridge,0.6371760536175874,1.2451569699201146
226,LinearRegression,40.362936506666856,52.56309513806858
226,Ridge,40.33311498502787,52.52476229875857
227,LinearRegression,9.446142348221203,13.169210640197056
227,Ridge,9.444883598323855,13.168006954970526
235,LinearRegression,4.192968742085663,5.586196874633186
235,Ridge,4.191415242820343,5.5846446807212295
307,LinearRegression,11.628546758985209,16.77637450915011
307,Ridge,11.628330290754656,16.775937779724057
309,LinearRegression,4.679891247076099,6.186980240540087
309,Ridge,4.6795924872226395,6.186568958995984
310,LinearRegression,2.4407440632325423,3.5015034796624716
310,Ridge,2.440758317723735,3.5015281446121582
311,LinearRegression,4.459351974865257,5.983435839809172
311,Ridge,4.459281993176178,5.983457636786455
316,LinearRegression,1.73353858112459,2.8293508387824264
316,Ridge,1.7335230055526905,2.829315687332724
320,LinearRegression,1.5641573942752476,2.106996369908237
320,Ridge,1.5633330105889622,2.1061323986711047
321,LinearRegression,4.315810903982377,5.724787564808063
321,Ridge,4.312490471148472,5.721088695226573
322,LinearRegression,30.494010458526546,61.18194765797813
322,Ridge,30.48819245141654,61.17847070292991
323,LinearRegression,12.543480380005553,17.21852368765276
323,Ridge,12.541344578776148,17.218464624883776
324,LinearRegression,17.4771752042102,21.205242751326605
324,Ridge,17.46378351087472,21.190166216508153
325,LinearRegression,6.289938215584492,8.73898117609734
325,Ridge,6.28831938357096,8.73851861221321
326,LinearRegression,9.899483730496161,13.438171641424152
326,Ridge,9.897103752788611,13.438309250335648
328,LinearRegression,10.065728897446137,13.807005750882215
328,Ridge,10.065541936393497,13.807493185459515
329,LinearRegression,16.805795406424764,23.91248405423153
329,Ridge,16.80592715497407,23.91518450249714
330,LinearRegression,4.035344591179655,5.557443475140827
330,Ridge,4.0353195365593715,5.557446732521258
331,LinearRegression,4.724343693469997,6.32854629681312
331,Ridge,4.7228451905546285,6.3272704778662785
332,LinearRegression,19.58601311328092,31.616203072176187
332,Ridge,19.584325777755534,31.617708040033378
333,LinearRegression,697.6016168161499,1005.0578203071236
333,Ridge,697.5529507111377,1005.0262374662302
334,LinearRegression,1.170304284359552,2.0643614827932804
334,Ridge,1.1701383562287855,2.0643205182809123
335,LinearRegression,18.07721767600427,24.731212606046498
335,Ridge,18.077422055869544,24.732227739212824
336,LinearRegression,0.9538451413240395,1.2982546171007932
336,Ridge,0.953197780063434,1.2973621364929473
339,LinearRegression,0.3942103804444775,0.6916968260321146
339,Ridge,0.3941510686594331,0.6916267649848908
340,LinearRegression,0.34166334948265437,0.6792767779630364
340,Ridge,0.3416154977991324,0.6792312240156813
343,LinearRegression,6.207242309127852,10.005023970795385
343,Ridge,6.2061453264762285,10.00544831479318
346,LinearRegression,405.9345495517997,527.0006705605529
346,Ridge,405.879487663915,526.9511619778311
347,LinearRegression,2.920266400333333,4.010143840620319
347,Ridge,2.9200506408014415,4.01009824821234
348,LinearRegression,12.725839062189413,18.263360807908814
348,Ridge,12.725757659567021,18.26415729658358
406,LinearRegression,1.794925257676884,2.739850463685589
406,Ridge,1.79480250314367,2.7398365771287456
408,LinearRegression,4.198512003098226,5.560713007995266
408,Ridge,4.198336618546899,5.560620481008771
501,LinearRegression,7.057299676185436,9.526392877844398
501,Ridge,7.057468595759953,9.526624749873681
502,LinearRegression,12.300859047641055,16.476090549796684
502,Ridge,12.300651861742336,16.477105840731078
503,LinearRegression,0.3901073085030913,0.44011283126346895
503,Ridge,0.3898444251480022,0.439806251330731
506,LinearRegression,415.3585983497782,773.6597874191361
506,Ridge,415.35709404095945,773.6642799127992
508,LinearRegression,3.137080671422553,4.647370533756775
508,Ridge,3.1363997420412555,4.646847904365551
509,LinearRegression,1.2146369311039125,2.46512892170314
509,Ridge,1.2138226898647166,2.463818966388656
511,LinearRegression,0.98862505855433,1.524509917448038
511,Ridge,0.988629577385311,1.5245169911831902
512,LinearRegression,68.53959036737966,93.3857412405485
512,Ridge,68.53178218719201,93.373349100032
513,LinearRegression,23.546893342914178,37.23878179042232
513,Ridge,23.53610150240325,37.22898098176811
516,LinearRegression,26.041086153880006,36.58028001348049
516,Ridge,26.041253361654466,36.580221896462334
519,LinearRegression,526.5224129906819,795.2244839799898
519,Ridge,526.5869725533228,795.3854077784381
520,LinearRegression,14.348140251635197,22.17068657871253
520,Ridge,14.347705567185825,22.171918313327833
522,LinearRegression,15.192954834268132,20.181412840025445
522,Ridge,15.192245781431907,20.18235495629504
525,LinearRegression,4.975617574984232,7.1521536004560895
525,Ridge,4.974154796845713,7.151122146509071
526,LinearRegression,18.29268411406017,25.117399914985658
526,Ridge,18.291555147666234,25.11852880830333
527,LinearRegression,12.236667274317222,16.18604397787496
527,Ridge,12.236621604532244,16.187061111285107
528,LinearRegression,1.4515184772779983,2.1931164063417485
528,Ridge,1.4513693547964313,2.1929869441592182
529,LinearRegression,3.075264065934699,5.741864223471649
529,Ridge,3.0735832770033062,5.740775347929744
552,LinearRegression,8.7369461105342,11.9317878614842
552,Ridge,8.737075686373819,11.93246889183404
553,LinearRegression,1.131639417706169,1.9256418373700437
553,Ridge,1.131557951778112,1.9255828717655303
558,LinearRegression,0.867740832227397,1.3457314505427413
558,Ridge,0.8676037760641391,1.3455606078159112
559,LinearRegression,1.3476679354086625,2.0928105700111748
559,Ridge,1.3476324883563537,2.092756041966169
568,LinearRegression,0.6917688406987279,1.0838648278099483
568,Ridge,0.6913693221645685,1.0833038313847716
570,LinearRegression,6.056176097858225,8.019307697500505
570,Ridge,6.054336438739487,8.018192222566386
573,LinearRegression,44.690358001244725,62.56669827682423
573,Ridge,44.690464593278456,62.566783157496616
575,LinearRegression,175.99901776926876,220.6925203558294
575,Ridge,175.98943406787126,220.6864419337676
576,LinearRegression,994.9381667824455,1333.033967750183
576,Ridge,995.0718444899027,1333.1586290722423
577,LinearRegression,3.3876995117645152,4.384155151406525
577,Ridge,3.385693575659287,4.3823529760472475
578,LinearRegression,0.8961791483344824,1.4126800835754474
578,Ridge,0.8956293579615142,1.4122164950214555
580,LinearRegression,276.39111357446916,361.6713040107246
580,Ridge,276.4091943455977,361.69100745031847
582,LinearRegression,47.771739548437445,60.060392086873414
582,Ridge,47.77246401979476,60.06197512063042
583,LinearRegression,0.19563339026945706,0.32140156140298975
583,Ridge,0.1956916056996047,0.3214472967632276
584,LinearRegression,6.518420268022773,8.597391564597306
584,Ridge,6.518001520949027,8.597460697386557
585,LinearRegression,2.274546107700528,3.3637117733715307
585,Ridge,2.274557488063277,3.363748083255293
587,LinearRegression,15.237851173055592,21.286778543968083
587,Ridge,15.236538727622888,21.28648306046475
588,LinearRegression,15.028674844920648,19.650256215835054
588,Ridge,15.026816519884862,19.650848595408632
589,LinearRegression,58.26488388155527,75.083632552832
589,Ridge,58.26560059512817,75.08530157578784
592,LinearRegression,927.3954640647318,1225.7749926566373
592,Ridge,927.3923406547482,1225.7643070403542
594,LinearRegression,4.258506760374094,5.816051398114184
594,Ridge,4.258057669083547,5.815770486213658
595,LinearRegression,899.0338840208733,1184.1598515845528
595,Ridge,899.1129596046385,1184.237791143903
596,LinearRegression,34.13358588219562,46.30380595515733
596,Ridge,34.13302109448282,46.30347357034377
598,LinearRegression,2.4947367530645947,3.721632235822373
598,Ridge,2.49447927395737,3.7215453820423434
601,LinearRegression,1075.487991752283,1532.3653546850264
601,Ridge,1075.4807598097416,1532.3850375378674
627,LinearRegression,118.4547071316385,158.3332712737068
627,Ridge,118.45725972419787,158.33251232962016
628,LinearRegression,47.27830330295061,71.38657110838675
628,Ridge,47.27727538919443,71.38563371138814
629,LinearRegression,0.43578221288987135,0.9817469486311478
629,Ridge,0.4357910324988039,0.9817432872083284
630,LinearRegression,42.09057624319617,54.02890515183182
630,Ridge,42.089999938708,54.028058554342856
631,LinearRegression,69.12181085318345,94.30569992255646
631,Ridge,69.11888669821292,94.3019615106181
632,LinearRegression,5.210052093502869,6.938819407138146
632,Ridge,5.209544893646592,6.93844869432449
633,LinearRegression,1002.9561091821294,1382.450518916837
633,Ridge,1002.8638158687418,1382.3873438855185
637,LinearRegression,1065.4655576024456,1424.1339971328384
637,Ridge,1065.4116512510645,1424.0918595833762
638,LinearRegression,1.0429905799410606,1.5945157742201392
638,Ridge,1.0425877195871378,1.594103459880005
640,LinearRegression,0.5453720364447847,0.8575224346009905
640,Ridge,0.5452873380040155,0.8574315275324034
641,LinearRegression,32.866027231835865,49.12100369825222
641,Ridge,32.86318919953323,49.11809332884464
643,LinearRegression,10.113931524899911,16.774876827162764
643,Ridge,10.113633435628538,16.77478173147002
644,LinearRegression,4.6088548868839005,6.236616143123122
644,Ridge,4.608361277036509,6.236379269909491
645,LinearRegression,22.738505031054277,50.08951065683153
645,Ridge,22.737889263239467,50.08852852430482
647,LinearRegression,1.370479127484262,2.2248538004639666
647,Ridge,1.3701995675363774,2.2247009419440174
649,LinearRegression,8.838080890428614,22.10602276362612
649,Ridge,8.837956474974515,22.105748528313384
651,LinearRegression,0.20315496991081355,0.4144072648579079
651,Ridge,0.20301193938229276,0.41420943727305404
655,LinearRegression,2.115430312575979,3.0286023587716047
655,Ridge,2.114205987026193,3.0271331592184736
656,LinearRegression,3.011531392492153,4.799034508043755
656,Ridge,3.010219950512571,4.7980498490663885
659,LinearRegression,2.4948008337180245,4.102456320734139
659,Ridge,2.4941589018432513,4.101744633762183
681,LinearRegression,2.5166205581869643,3.750563342500197
681,Ridge,2.5164145457760916,3.7506599285461184
682,LinearRegression,366.16471976681726,470.5945472605694
682,Ridge,366.15942137093316,470.61637685069087
686,LinearRegression,2.3915228392022785,3.6150147577276837
686,Ridge,2.389697364178697,3.613617875627455
687,LinearRegression,0.8278725397488335,1.3171622565728394
687,Ridge,0.8274901934003303,1.3168412576907724
688,LinearRegression,0.6427277885011186,1.1209822301999155
688,Ridge,0.6422327116817297,1.1203300933022071
690,LinearRegression,530.3044810473535,672.7717310347373
690,Ridge,530.3086000554044,672.7740381036145
691,LinearRegression,8.823372626254985,12.079185388003818
691,Ridge,8.822632205755621,12.07971209214156
692,LinearRegression,0.030568992456424797,0.19420925880046758
692,Ridge,0.030651962974426485,0.19432586858909456
693,LinearRegression,11.300442922385473,17.08947698485685
693,Ridge,11.299302750918752,17.090089122513465
698,LinearRegression,1.8735978724119362,2.9756813130187556
698,Ridge,1.8735505982036929,2.9757450714156093
699,LinearRegression,5.493320191500209,7.329069228438708
699,Ridge,5.493147435666511,7.329204804378926
700,LinearRegression,6.56809615775726,8.764547989922518
700,Ridge,6.567046453505748,8.763936626196102
701,LinearRegression,1.5827506605553412,2.640143851824063
701,Ridge,1.5826607405610853,2.640118040083275
702,LinearRegression,1724.7032168055366,3056.680385000778
702,Ridge,1724.5913171197662,3056.7200571015564
703,LinearRegression,21.496312707473216,31.41471263648635
703,Ridge,21.488672433821375,31.40785049741242
704,LinearRegression,15.947589625100822,21.665330330360625
704,Ridge,15.94408403887537,21.665187324612468
705,LinearRegression,4.995280587653478,7.420919419417866
705,Ridge,4.995320006014692,7.420984993281955
706,LinearRegression,2.9118724757273364,4.171419656785053
706,Ridge,2.911849410149598,4.1714553189320105
708,LinearRegression,293.9622486022557,385.05796567847756
708,Ridge,293.9688407888839,385.0617578803713
709,LinearRegression,4.945924723763251,6.952446831937452
709,Ridge,4.9457284310511955,6.952474290556254
710,LinearRegression,2.9359690980034694,5.070126518016851
710,Ridge,2.93554776010529,5.069696852280832
711,LinearRegression,2.921458531673477,4.283743377372694
711,Ridge,2.921319280909122,4.283693098523097
712,LinearRegression,32.23873941348539,42.10314016916445
712,Ridge,32.23845715154916,42.10267140993675
715,LinearRegression,86.70310085771007,113.34928936057034
715,Ridge,86.70388467982592,113.35139723307526
716,LinearRegression,60.25938950747504,80.9897879100467
716,Ridge,60.25589638968193,80.98873236649123
718,LinearRegression,0.9335384740190059,1.6810517203319033
718,Ridge,0.933324831918863,1.6808910943379645
719,LinearRegression,1.7574526790622333,2.6662068040469524
719,Ridge,1.7565945854682607,2.665393189192729
724,LinearRegression,13.473912382803187,20.310532205326737
724,Ridge,13.472898410667788,20.309175127292487
726,LinearRegression,3.921780955790181,11.222981943532155
726,Ridge,3.9217466582344267,11.223010211715605
728,LinearRegression,552.4620641867854,972.974182299088
728,Ridge,552.4432656060372,972.9655558669165
729,LinearRegression,115.79565078323897,149.84379311486902
729,Ridge,115.80129178955207,149.85212177137555
731,LinearRegression,3.908552690412257,5.738008218317774
731,Ridge,3.907917109654235,5.737470132212636
732,LinearRegression,112.61912684470836,150.86256990846547
732,Ridge,112.6253200946844,150.86596234853374
733,LinearRegression,26.98656923807224,39.749553749109694
733,Ridge,26.98185713311026,39.75201627692027
735,LinearRegression,160.35508731507932,212.6407133151914
735,Ridge,160.3565619058942,212.64115893003313
737,LinearRegression,2.29580844909703,3.718135470386132
737,Ridge,2.2956894457156296,3.7180134658626103
739,LinearRegression,0.679836353058398,0.9970803490646827
739,Ridge,0.6797729298974043,0.9969526513920638
741,LinearRegression,2.887481528561872,4.17224014830214
741,Ridge,2.886542484109445,4.171409705845717
744,LinearRegression,90.74460838985647,97.66211707162016
744,Ridge,90.7347955881953,97.64850343563367
745,LinearRegression,4.386097858378138,5.947530480109314
745,Ridge,4.385145822685281,5.946792783270491
746,LinearRegression,12.366915367107731,16.651787373158324
746,Ridge,12.365900160004841,16.652346258583353
748,LinearRegression,1.164928218051957,1.878839571304672
748,Ridge,1.164768259673225,1.8788473899142457
751,LinearRegression,8.064870361792982,11.176737685762093
751,Ridge,8.064400266194347,11.177266543031095
771,LinearRegression,5.854934855016938,7.751293557198018
771,Ridge,5.85449640408243,7.751295516651616
773,LinearRegression,13.35006389510816,19.15247446980097
773,Ridge,13.346424757373253,19.14910061682408
775,LinearRegression,793.8992087598465,1019.5576769010966
775,Ridge,793.9177311033283,1019.5715975893995
777,LinearRegression,390.4349452530593,638.0168619706601
777,Ridge,390.30115343165863,637.93877161602
781,LinearRegression,97.0675355191094,128.9651293982845
781,Ridge,97.06589633663101,128.9634213465073
782,LinearRegression,5.4560819025175045,9.608571731393216
782,Ridge,5.453839849478301,9.606887077490134
783,LinearRegression,0.8836112919522061,1.7506699052487007
783,Ridge,0.8833750574033389,1.7505217107858528
784,LinearRegression,13.15075929831626,21.539576590052754
784,Ridge,13.150610923331103,21.539582847002585
786,LinearRegression,1.4183102058623358,2.316020029380829
786,Ridge,1.418174062432729,2.3160865169968377
788,LinearRegression,79.98726466872591,110.17151246556112
788,Ridge,79.98731936903555,110.17235032240455
790,LinearRegression,2.390730893106882,3.680857074929644
790,Ridge,2.390650757798453,3.680900077429394
792,LinearRegression,2.1493480490386605,3.213599585405835
792,Ridge,2.149305036758446,3.2135944390709414
795,LinearRegression,17.958538616519874,24.06662929565016
795,Ridge,17.957489121362308,24.068885223174743
799,LinearRegression,178.9862332168618,231.7884143350753
799,Ridge,178.9837718310971,231.78595353585203
802,LinearRegression,9.77775504136025,14.380682445048004
802,Ridge,9.77683895744428,14.381550256872048
804,LinearRegression,63.887655922786045,83.63899946612682
804,Ridge,63.884868373943625,83.63542093382544
805,LinearRegression,5.368189743201756,7.797487813329986
805,Ridge,5.366886684001116,7.797327489753859
806,LinearRegression,95.81758137347624,131.62259143795967
806,Ridge,95.81903730647953,131.62643944821946
809,LinearRegression,15.78021161745117,22.539259217519042
809,Ridge,15.77860122750706,22.540365591257615
811,LinearRegression,1.3294286670794961,2.264059273499413
811,Ridge,1.3294108973191545,2.264075208355007
831,LinearRegression,0.9779282533786592,1.3689731816121893
831,Ridge,0.9773262892401037,1.3682558422311595
832,LinearRegression,6.95340885246533,8.718940413695552
832,Ridge,6.951272890291743,8.716785309378315
834,LinearRegression,0.2862548387821354,0.5361130350117079
834,Ridge,0.2862006914347604,0.536067233688927
835,LinearRegression,1.753428035100506,2.6146504931173737
835,Ridge,1.7532400518942906,2.614557723341387
842,LinearRegression,825.6338424908705,1207.2182776187415
842,Ridge,825.533490952318,1207.2057964334012
844,LinearRegression,673.6402551373485,906.4999841514161
844,Ridge,673.5315504975813,906.4108105629882
848,LinearRegression,2.2629773520270775,3.1971652511995066
848,Ridge,2.2616103678330717,3.195606850025013
849,LinearRegression,4.957034328870068,6.537348009117182
849,Ridge,4.955447242641206,6.5355820230517025
851,LinearRegression,20.58195668824915,26.779181313133915
851,Ridge,20.57635956234587,26.776785232925526
852,LinearRegression,0.5725389479068306,0.9718870207332405
852,Ridge,0.5723453129151129,0.9716563627071158
855,LinearRegression,13.915019998932664,18.98928377244812
855,Ridge,13.913122856994033,18.988903055002126
858,LinearRegression,146.51199976782524,183.3742614211958
858,Ridge,146.50904484833126,183.37239495511616
862,LinearRegression,4.980427621988529,7.168686992548168
862,Ridge,4.980515582461382,7.169235794946284
881,LinearRegression,21.35620614196055,29.595496666338565
881,Ridge,21.337176451021886,29.579402873298683
882,LinearRegression,156.54821587505458,223.93172461411024
882,Ridge,156.54500645390178,223.93112603435753
883,LinearRegression,1.4381141222422127,2.459321222457802
883,Ridge,1.437788198569483,2.459061915790468
886,LinearRegression,0.07217897756337886,0.31639623362133434
886,Ridge,0.07215813688643373,0.3165126283557952
887,LinearRegression,5.152375676913688,6.691143787279504
887,Ridge,5.1518257045474245,6.6909146695960064
888,LinearRegression,15.763544552455906,20.114342384243503
888,Ridge,15.759844717882974,20.110885872436846
890,LinearRegression,0.04710522467294781,0.0720944439579496
890,Ridge,0.04707517914348448,0.07203418157689018
891,LinearRegression,279.29607433902515,358.7972522599176
891,Ridge,279.2981836918056,358.80056098762066
893,LinearRegression,0.8342280822995043,1.354540824706155
893,Ridge,0.8341026813027389,1.354434915667396
895,LinearRegression,383.8627605050334,545.0455822514004
895,Ridge,383.80081931643457,545.0174681111167
897,LinearRegression,11.506151849334646,18.489662666546664
897,Ridge,11.496204242530826,18.481713551841853
900,LinearRegression,56.33636898355984,69.84057321278686
900,Ridge,56.33266005633386,69.8376980566895
901,LinearRegression,2.388154461319623,3.7430078324361693
901,Ridge,2.3878997407056444,3.743049252688779
902,LinearRegression,248.3953771274751,347.6753405527284
902,Ridge,248.3962958459631,347.6779245809818
903,LinearRegression,7.3059248064452955,10.224667877214845
903,Ridge,7.305108916278386,10.224953848160059
904,LinearRegression,5.206485482779444,7.55371674175163
904,Ridge,5.20457156701961,7.55205963635343
937,LinearRegression,1.1099411706734774,2.1274067987405334
937,Ridge,1.1097929720808446,2.127402827831014
943,LinearRegression,4.831887518540415,7.134012559106542
943,Ridge,4.828678944973124,7.131034671858752
952,LinearRegression,1.6542412784554588,2.977512395798513
952,Ridge,1.6543504527756179,2.977498693670944
958,LinearRegression,6.117532621789345,8.612615032111682
958,Ridge,6.116117410980969,8.611800210502208
965,LinearRegression,19.456375753846395,26.924241621290307
965,Ridge,19.45523356008688,26.92697740328194
966,LinearRegression,20.185885990151036,27.35102439298844
966,Ridge,20.18204960383893,27.351714353088237
967,LinearRegression,3.48542553902828,4.930889972388206
967,Ridge,3.48484432087975,4.930518436349768
969,LinearRegression,5.976286876605996,7.864098777268451
969,Ridge,5.976114560644785,7.864498059225338
972,LinearRegression,9.085941325841894,12.444149144949806
972,Ridge,9.081965019479716,12.440294382620552
974,LinearRegression,17.31805588027939,22.612938473293358
974,Ridge,17.31414654247975,22.609010808740468
975,LinearRegression,1.7950995178394673,2.9471657228280477
975,Ridge,1.7940834870422009,2.946436342233711
977,LinearRegression,3.0112890228079094,4.047661059005631
977,Ridge,3.0108949270946783,4.047436811593602
979,LinearRegression,1.0052669911927963,1.7957895407531794
979,Ridge,1.0049369402908535,1.7955648626261336
981,LinearRegression,26.145185559026054,36.16029378136518
981,Ridge,26.139782688130744,36.15537927994564
982,LinearRegression,3.3893180402357808,4.694970863261147
982,Ridge,3.389272138903215,4.695033038051313
983,LinearRegression,3.271748339242164,4.407388215279475
983,Ridge,3.2712325823587842,4.406993026561977
984,LinearRegression,0.6856651359004601,1.4532111627375655
984,Ridge,0.6853412333656417,1.4530531660277037
986,LinearRegression,31.426291349822566,41.207727712158366
986,Ridge,31.427210426239427,41.20898027373419
987,LinearRegression,1.1849555640202052,1.6150747255003683
987,Ridge,1.1848007612266596,1.6149121273064069
988,LinearRegression,5.054089505074655,6.49962302766557
988,Ridge,5.0539989173754885,6.4998146015689455
989,LinearRegression,10.305910453854585,13.634656776028674
989,Ridge,10.305328345002561,13.635305158496685
991,LinearRegression,4.659857143493426,6.5654758289692925
991,Ridge,4.659267754562202,6.564583124985033
996,LinearRegression,19.144899670391,25.73512486094802
996,Ridge,19.14203538656128,25.735315562337828
998,LinearRegression,8.351782182872855,11.258115066573565
998,Ridge,8.350534868966417,11.257858387961168
1000,LinearRegression,11.579252739371574,15.085633326860338
1000,Ridge,11.576664382124177,15.084811938158127
1009,LinearRegression,15.085089186549778,19.860115896003368
1009,Ridge,15.082340182020936,19.85877941185596
1011,LinearRegression,14.936754041807545,19.367217406695254
1011,Ridge,14.931622911085263,19.362705969782432
1015,LinearRegression,8.694031338447077,11.78578292739187
1015,Ridge,8.693955426246932,11.786521134701022
1022,LinearRegression,1.1221103172465323,2.147858072598442
1022,Ridge,1.1220968178194548,2.147861229930689
1026,LinearRegression,653.4138113200302,866.4240942141005
1026,Ridge,653.4288498559644,866.4402464546891
1028,LinearRegression,0.6902894664165264,1.1201469463826743
1028,Ridge,0.6902352436458514,1.120062599233121
1029,LinearRegression,157.7696366029741,204.10339073968817
1029,Ridge,157.76573842567961,204.10192373893452
1031,LinearRegression,79.01424556948636,103.16037565457474
1031,Ridge,79.01205325168252,103.15795888384922
1032,LinearRegression,1568.1100493863914,2196.089280266215
1032,Ridge,1567.999549410938,2196.0345800912787
1037,LinearRegression,2.9393096649894233,6.784073807307807
1037,Ridge,2.938607903248509,6.7838723757477535
1043,LinearRegression,5.705733962809154,7.681188582817442
1043,Ridge,5.705353646131689,7.681328931101341
1049,LinearRegression,34.82761509483519,45.9070031060046
1049,Ridge,34.82233905796033,45.9073725729034
1056,LinearRegression,0.495860413839602,0.8673001739549919
1056,Ridge,0.4956878098629988,0.8671200673564669
1060,LinearRegression,0.614180072260397,1.1078083431926062
1060,Ridge,0.6140506135939539,1.107732363686266
1061,LinearRegression,3.244116530884439,6.894583631948965
1061,Ridge,3.2437726401904863,6.894419995995337
1062,LinearRegression,11.501880378969894,16.31952653612326
1062,Ridge,11.500760991977767,16.320332968631373
1063,LinearRegression,0.09115549999143512,0.6066815637395783
1063,Ridge,0.09114137790499428,0.6066585149917925
1064,LinearRegression,0.430265485219765,0.7081728399301835
1064,Ridge,0.4300784779265346,0.7078950392591731
1066,LinearRegression,4.371736024546145,6.198139309556282
1066,Ridge,4.3715067924680735,6.198281509584308
1067,LinearRegression,6.341711318179856,8.701080260836454
1067,Ridge,6.341408704701343,8.701317162127141
1068,LinearRegression,12.033540862522619,16.639810567531775
1068,Ridge,12.032368746008647,16.638841674085647
1071,LinearRegression,8.478713708000639,11.132725234086797
1071,Ridge,8.478785175881967,11.133294399212826
1072,LinearRegression,8.734425608505553,12.21453889427738
1072,Ridge,8.733653577384326,12.214767165518044
1074,LinearRegression,6.291501055528689,8.4206960469556
1074,Ridge,6.291034014638891,8.420615531458393
1075,LinearRegression,3.796873326505221,5.433552412757938
1075,Ridge,3.796745307656683,5.433639079519133
1076,LinearRegression,8.071810062773762,11.52742781494377
1076,Ridge,8.072159444592192,11.527918591089602
1081,LinearRegression,4.492919184342489,6.18087968941541
1081,Ridge,4.492867683705023,6.1808403092468485
1082,LinearRegression,3.4235413779810564,4.925576326073189
1082,Ridge,3.4234250985672148,4.925660515444193
1083,LinearRegression,7.647653530230071,10.878303115473194
1083,Ridge,7.647779432962886,10.878652811963134
1085,LinearRegression,4.809902334403064,6.521456380384117
1085,Ridge,4.8097188560552,6.521457521864017
1086,LinearRegression,3.3630604059016576,5.0976494014575815
1086,Ridge,3.363007310568584,5.0976782714686
1087,LinearRegression,3.6755958038912904,5.2652623804238745
1087,Ridge,3.6749403242244547,5.264790737352303
1088,LinearRegression,31.862345032912188,46.36848760690196
1088,Ridge,31.861551045001804,46.368259608528284
1090,LinearRegression,3.6499243072875696,4.90987264840414
1090,Ridge,3.650080202407834,4.91006468120909
1092,LinearRegression,1.0712332229651134,1.7964995169040134
1092,Ridge,1.071138848385488,1.7964684159462885
1093,LinearRegression,1.8883982012186142,2.6916036239630174
1093,Ridge,1.8882982114690403,2.6912444007592895
1094,LinearRegression,3.4035693864374745,4.8533914587927045
1094,Ridge,3.4032778853027486,4.8535143138393755
1095,LinearRegression,3.8669963109837076,5.187698961309756
1095,Ridge,3.8664017554042163,5.187376957527177
1096,LinearRegression,3.8341303449657698,5.601914309769097
1096,Ridge,3.834130522148499,5.602002697134037
1097,LinearRegression,0.31499865301433894,0.5301247437088054
1097,Ridge,0.31504025598009244,0.5301454516771026
1098,LinearRegression,144.12513195773016,188.82164544805198
1098,Ridge,144.1148804459585,188.80444859877414
1099,LinearRegression,2.1989442112681,3.2662723574738726
1099,Ridge,2.1980742146038263,3.265535461038267
1100,LinearRegression,5.729800031762909,7.754835812338281
1100,Ridge,5.729470692283065,7.754852781237362
1101,LinearRegression,0.6119174529513741,1.58393072408332
1101,Ridge,0.6119244177999577,1.5839596035836678
1102,LinearRegression,5.211222857662491,7.045919794824302
1102,Ridge,5.210979429358709,7.045851117171302
1104,LinearRegression,1.7469402354968995,2.7557369549652466
1104,Ridge,1.7467794660012195,2.7556064372993196
1105,LinearRegression,1.5273704356746356,2.4158025393312417
1105,Ridge,1.52732428599543,2.415800759637554
1106,LinearRegression,1.5003978778801705,2.463445564630417
1106,Ridge,1.500204389049813,2.4634355324438904
1107,LinearRegression,0.8209879692124807,1.4478701380412435
1107,Ridge,0.8209682036839075,1.4478391272520137
1109,LinearRegression,2.2147338716430847,3.81976446535219
1109,Ridge,2.214683008105779,3.8197410827232856
1110,LinearRegression,1.6472109869564486,2.6626738705740376
1110,Ridge,1.6465560619416253,2.66224235576693
1111,LinearRegression,4.8527710768109635,6.71943480694717
1111,Ridge,4.85285273470862,6.719639753254978
1112,LinearRegression,1.615674961167502,2.0734559023625723
1112,Ridge,1.614878016161476,2.0726915716426357
1113,LinearRegression,1.5533535325659933,2.640017287207093
1113,Ridge,1.5532091746200567,2.639993363210153
1114,LinearRegression,2.816845245437147,4.034897991433569
1114,Ridge,2.8167449161523277,4.0348901953756275
1115,LinearRegression,5.733897116000323,8.20796363519165
1115,Ridge,5.733968890670958,8.207945497351853
1116,LinearRegression,0.2877021990838658,0.9287585204053173
1116,Ridge,0.2877421338920335,0.9287640405891977
1119,LinearRegression,9.169105887909163,11.83918481467154
1119,Ridge,9.167368508353247,11.837274289559987
1120,LinearRegression,4.898334185422761,7.13297310448644
1120,Ridge,4.8982331039184075,7.13305561810429
1121,LinearRegression,4.9428009089902325,6.813176782293715
1121,Ridge,4.942771126490573,6.813156692731685
1122,LinearRegression,2.8436059393784046,3.954009508652407
1122,Ridge,2.8433889304199598,3.953919592701131
1124,LinearRegression,33.85517147136001,81.48133054374254
1124,Ridge,33.83730159608457,81.46402533505477
1125,LinearRegression,1.3604920817310089,2.3000624282984345
1125,Ridge,1.3604560261921372,2.300051053831899
1126,LinearRegression,3.6961745572218616,5.316891614107186
1126,Ridge,3.696082950450705,5.316913123364136
1130,LinearRegression,0.7739556652787499,1.596752611291784
1130,Ridge,0.7740048331969287,1.5967586935033986
1131,LinearRegression,2146.437429957562,2816.429205709877
1131,Ridge,2146.8618465648547,2816.746238790968
1134,LinearRegression,3.543058246212126,5.0067418065515525
1134,Ridge,3.5429757661745174,5.006752830458422
1135,LinearRegression,1.6934058560477252,2.740043367731635
1135,Ridge,1.6933850243139312,2.7400463819194827
1137,LinearRegression,538.343066987865,696.1520648593403
1137,Ridge,538.3440246297602,696.1439442240725
1138,LinearRegression,1.1484788764453184,1.9469661934356093
1138,Ridge,1.148263627119935,1.9468283241480222
1143,LinearRegression,2.0352031811708806,3.444447867313782
1143,Ridge,2.034128688634583,3.4434408591523407
1144,LinearRegression,5.902589829417143,8.398741772227563
1144,Ridge,5.900313626612102,8.396876561414912
1146,LinearRegression,1.5633007667946555,2.3323948627729134
1146,Ridge,1.5625040081337653,2.3313623557155196
1149,LinearRegression,6.049504281557421,9.776004770843521
1149,Ridge,6.049349478974375,9.776048961239816
1154,LinearRegression,2.484009145051699,3.6711942154324944
1154,Ridge,2.483907185401371,3.671144968106459
1155,LinearRegression,0.6039939436217315,1.213212827741935
1155,Ridge,0.6041128791506364,1.2132420604919978
1156,LinearRegression,2.0401475947596044,3.073141215640934
1156,Ridge,2.039505089959385,3.072670573770227
1159,LinearRegression,6.471947695486139,9.684885673537483
1159,Ridge,6.470975812250804,9.684067980735314
1160,LinearRegression,3.0138849366602214,5.04677325557469
1160,Ridge,3.01410654345958,5.047161861068883
1162,LinearRegression,3.564839553968795,4.995685632975864
1162,Ridge,3.564702786472683,4.995862436524094
1163,LinearRegression,1.4487728494783654,2.2938502289327163
1163,Ridge,1.4486550354560446,2.2938100769581924
1164,LinearRegression,7.8976385063276435,10.96853576115565
1164,Ridge,7.893644117938497,10.964830027377655
1166,LinearRegression,8.96079305308757,11.738512610821823
1166,Ridge,8.95975338362395,11.737615023142821
1167,LinearRegression,1092.0857930194554,1398.0004533827955
1167,Ridge,1092.3700755879552,1398.2649631370184
1168,LinearRegression,5.203266975903006,7.244563207979854
1168,Ridge,5.201127323764766,7.242794812307373
1170,LinearRegression,1.5424873286073657,2.6313064547490375
1170,Ridge,1.5425047435979462,2.631302291566608
1171,LinearRegression,0.44118259799528825,1.1295935218049726
1171,Ridge,0.441241293819796,1.1295735187638747
1172,LinearRegression,1.810765425305144,2.5997915906015354
1172,Ridge,1.8101613093469906,2.5992187154752124
1173,LinearRegression,3.9851719866166677,5.368840878003095
1173,Ridge,3.9848663464129754,5.368742327711294
